{"__type__":"cc.AnimationClip","_name":"effect-batman-12","_duration":0.6666666666666666,"sample":30,"wrapMode":2,"curveData":{"props":{"opacity":[{"frame":0,"value":100},{"frame":0.3333333333333333,"value":255},{"frame":0.6666666666666666,"value":100}]}}}